publish date,content silo,title,primary keyword,opportunity score (volume/KD),search volume,KD,target word count,internal links to include,silo interlinks,CTA (link to /free-trial or /pricing)
2026-09-03,Reversal Strategy & Patterns,Reversal Trading Strategy Indicator: How Signals Confirm Entries,reversal trading strategy indicator,2.00,10,5,1600,/blog/trend-reversal-trading-strategy; /how-it-works; / | anchors: entry and exit signal logic; reversal indicator overview,/blog/crypto-reversal-trading-strategy-for-tradingview-signals (crypto reversal trading strategy); /blog/forex-reversal-trading-strategy-entries-exits-and-signals (reversal trading strategy forex); /blog/what-is-a-reversal-trading-strategy-beginner-guide (what is a reversal trading strategy),/free-trial
2026-09-05,Reversal Strategy & Patterns,Crypto Reversal Trading Strategy for TradingView Signals,crypto reversal trading strategy,2.00,10,5,1600,/blog/trend-reversal-trading-strategy; /blog/best-reversal-indicator-tradingview; /free-trial | anchors: trend reversal trading strategy guide; best reversal indicator for TradingView,/blog/reversal-trading-strategy-indicator-how-signals-confirm-entries (reversal trading strategy indicator); /blog/forex-reversal-trading-strategy-entries-exits-and-signals (reversal trading strategy forex); /blog/what-is-a-reversal-trading-strategy-beginner-guide (what is a reversal trading strategy),/free-trial
2026-09-08,Reversal Strategy & Patterns,"Forex Reversal Trading Strategy: Entries, Exits, and Signals",reversal trading strategy forex,2.00,10,5,1800,/blog/trend-reversal-trading-strategy; /blog/fair-value-gap-trading; /how-it-works | anchors: reversal trading strategy; fair value gap trading,/blog/reversal-trading-strategy-indicator-how-signals-confirm-entries (reversal trading strategy indicator); /blog/crypto-reversal-trading-strategy-for-tradingview-signals (crypto reversal trading strategy),/free-trial
2026-09-10,Indicator Education,Pivot Point Reversal Indicator: How Traders Spot Turns,pivot point reversal indicator,2.00,10,5,1600,/blog/best-reversal-indicator-tradingview; /how-it-works; /tradingview-script | anchors: best reversal indicator TradingView; indicator signal logic,/blog/multi-timeframe-rsi-reversal-indicator-setup-guide (multi timeframe rsi reversal indicator); /blog/price-reversal-indicator-how-to-confirm-market-turns (price reversal indicator); /blog/momentum-reversal-indicator-signals-filters-and-examples (momentum reversal indicator),/free-trial
2026-09-12,Indicator Education,Multi Timeframe RSI Reversal Indicator Setup Guide,multi timeframe rsi reversal indicator,2.00,10,5,1700,/blog/multi-timeframe-analysis-trading; /blog/rsi-divergence-reversal-signals; /tradingview-script | anchors: multi timeframe analysis; RSI divergence reversal signals,/blog/pivot-point-reversal-indicator-how-traders-spot-turns (pivot point reversal indicator); /blog/price-reversal-indicator-how-to-confirm-market-turns (price reversal indicator); /blog/momentum-reversal-indicator-signals-filters-and-examples (momentum reversal indicator),/free-trial
2026-09-15,Swing Trading,Most Accurate Swing Trading Indicator Signals to Watch,most accurate swing trading indicator,2.00,10,5,1600,/blog/swing-trading-indicator; /how-it-works; /free-trial | anchors: swing trading indicator guide; buy PivotSnap for $10,/blog/swing-trading-indicator-strategy-for-reversal-entries (swing trading indicator strategy); /blog/best-tradingview-indicator-for-swing-trading-what-matters (best tradingview indicator for swing trading),/free-trial
2026-09-17,Buy/Sell Signals,Buy Sell Signal Indicator MT5 vs TradingView: Key Differences,buy sell signal indicator mt5,2.00,10,5,1700,/blog/buy-sell-signal-indicator; /tradingview-script; /pricing | anchors: buy sell signal indicator guide; TradingView script setup,/blog/most-effective-tradingview-buy-sell-signal-indicator-features (most effective tradingview buy sell signal indicator); /blog/best-trading-indicator-buy-and-sell-signals-what-to-compare (best trading indicator buy and sell),/free-trial
2026-09-22,TradingView Setup & Troubleshooting,How to Create Your Own TradingView Indicator: Beginner Guide,how to create your own tradingview indicator,2.00,10,5,1600,/tradingview-script; /blog/tradingview-indicator-not-showing; /faq | anchors: TradingView indicator script setup; TradingView setup questions,/blog/tradingview-indicator-reaction-entry-how-to-time-pullbacks (tradingview indicator reaction entry); /blog/tradingview-entry-exit-indicator-setup-and-signal-workflow (tradingview entry exit indicator),/free-trial
2026-09-24,Trading AI & Automation,How to Automate TradingView Indicator Alerts Safely,how to automate tradingview indicator,2.00,10,5,1600,/blog/trading-ai-vs-indicators; /tradingview-script; /free-trial | anchors: Trading AI vs indicators; TradingView indicator script,/blog/trading-ai-vs-indicators (trading ai),/free-trial
2026-09-26,Buy/Sell Signals,Most Effective TradingView Buy Sell Signal Indicator Features,most effective tradingview buy sell signal indicator,2.00,10,5,1800,/blog/buy-sell-signal-indicator; /pricing; /free-trial | anchors: buy sell signal indicator guide; indicator pricing,/blog/buy-sell-signal-indicator-mt5-vs-tradingview-key-differences (buy sell signal indicator mt5); /blog/best-trading-indicator-buy-and-sell-signals-what-to-compare (best trading indicator buy and sell),/pricing
2026-09-29,Reversal Strategy & Patterns,What Is a Reversal Trading Strategy? Beginner Guide,what is a reversal trading strategy,2.00,10,5,1800,/blog/trend-reversal-trading-strategy; /blog/trend-reversal-patterns; /how-it-works | anchors: trend reversal trading strategy; trend reversal patterns,/blog/reversal-trading-strategy-indicator-how-signals-confirm-entries (reversal trading strategy indicator); /blog/crypto-reversal-trading-strategy-for-tradingview-signals (crypto reversal trading strategy); /blog/forex-reversal-trading-strategy-entries-exits-and-signals (reversal trading strategy forex),/free-trial
2026-10-01,Indicator Education,Price Reversal Indicator: How to Confirm Market Turns,price reversal indicator,0.77,10,13,1700,/blog/best-reversal-indicator-tradingview; /blog/rsi-divergence-reversal-signals; / | anchors: best reversal indicator; RSI divergence signals,/blog/pivot-point-reversal-indicator-how-traders-spot-turns (pivot point reversal indicator); /blog/multi-timeframe-rsi-reversal-indicator-setup-guide (multi timeframe rsi reversal indicator),/free-trial
2026-10-06,Indicator Education,"Momentum Reversal Indicator: Signals, Filters, and Examples",momentum reversal indicator,0.77,10,13,1800,/blog/stochastic-momentum-index; /blog/rsi-divergence-reversal-signals; /how-it-works | anchors: stochastic momentum index; RSI divergence,/blog/pivot-point-reversal-indicator-how-traders-spot-turns (pivot point reversal indicator); /blog/multi-timeframe-rsi-reversal-indicator-setup-guide (multi timeframe rsi reversal indicator); /blog/price-reversal-indicator-how-to-confirm-market-turns (price reversal indicator),/free-trial
2026-10-08,Indicator Education,Market Reversal Indicator Checklist for New Traders,market reversal indicator,,,,1800,/blog/best-reversal-indicator-tradingview; /blog/breaker-blocks-vs-order-blocks; / | anchors: best reversal indicator TradingView; market reversal signals,/blog/pivot-point-reversal-indicator-how-traders-spot-turns (pivot point reversal indicator); /blog/multi-timeframe-rsi-reversal-indicator-setup-guide (multi timeframe rsi reversal indicator); /blog/price-reversal-indicator-how-to-confirm-market-turns (price reversal indicator),/free-trial
2026-10-10,Smart Money & Market Structure,TradingView Indicator Liquidity Zones for Reversal Entries,tradingview indicator liquidity zones,10.00,50,5,1800,/blog/fair-value-gap-trading; /blog/supply-demand-trading-zones; /tradingview-script | anchors: fair value gap trading; supply demand trading zones,/blog/fair-value-gap-trading (fair value gap); /blog/supply-demand-trading-zones (supply demand trading); /blog/breaker-blocks-vs-order-blocks (breaker block),/free-trial
2026-10-13,TradingView Setup & Troubleshooting,TradingView Indicator Reaction Entry: How to Time Pullbacks,tradingview indicator reaction entry,4.00,20,5,1600,/how-it-works; /blog/multi-timeframe-analysis-trading; /tradingview-script | anchors: entry exit indicator logic; multi timeframe analysis,/blog/how-to-create-your-own-tradingview-indicator-beginner-guide (how to create your own tradingview indicator); /blog/tradingview-entry-exit-indicator-setup-and-signal-workflow (tradingview entry exit indicator),/free-trial
2026-10-15,Buy/Sell Signals,Best Trading Indicator Buy and Sell Signals: What to Compare,best trading indicator buy and sell,2.00,10,5,2000,/blog/buy-sell-signal-indicator; /pricing; /blog/best-reversal-indicator-tradingview | anchors: buy sell signal indicator; indicator pricing,/blog/buy-sell-signal-indicator-mt5-vs-tradingview-key-differences (buy sell signal indicator mt5); /blog/most-effective-tradingview-buy-sell-signal-indicator-features (most effective tradingview buy sell signal indicator),/pricing
2026-10-20,Indicator Education,"Trend Reversal Indicator: Signals, Confirmations, and Alerts",trend reversal indicator,1.90,40,21,2200,/blog/best-reversal-indicator-tradingview; /blog/trend-reversal-trading-strategy; / | anchors: best reversal indicator TradingView; reversal trading strategy,/blog/pivot-point-reversal-indicator-how-traders-spot-turns (pivot point reversal indicator); /blog/multi-timeframe-rsi-reversal-indicator-setup-guide (multi timeframe rsi reversal indicator); /blog/price-reversal-indicator-how-to-confirm-market-turns (price reversal indicator),/free-trial
2026-10-22,Indicator Education,Best Reversal Indicator: A Practical Buyer’s Guide,best reversal indicator,2.22,40,18,2400,/blog/best-reversal-indicator-tradingview; /pricing; /free-trial | anchors: best reversal indicator TradingView; compare indicator pricing,/blog/pivot-point-reversal-indicator-how-traders-spot-turns (pivot point reversal indicator); /blog/multi-timeframe-rsi-reversal-indicator-setup-guide (multi timeframe rsi reversal indicator); /blog/price-reversal-indicator-how-to-confirm-market-turns (price reversal indicator),/pricing
2026-10-24,Indicator Education,Best Trend Reversal Indicator Features for TradingView Users,best trend reversal indicator,1.58,30,19,2200,/blog/best-reversal-indicator-tradingview; /tradingview-script; /free-trial | anchors: best reversal indicator for TradingView; TradingView indicator script,/blog/pivot-point-reversal-indicator-how-traders-spot-turns (pivot point reversal indicator); /blog/multi-timeframe-rsi-reversal-indicator-setup-guide (multi timeframe rsi reversal indicator); /blog/price-reversal-indicator-how-to-confirm-market-turns (price reversal indicator),/free-trial
2026-10-27,TradingView Setup & Troubleshooting,TradingView Entry Exit Indicator: Setup and Signal Workflow,tradingview entry exit indicator,1.25,10,8,1800,/how-it-works; /tradingview-script; /blog/buy-sell-signal-indicator | anchors: entry exit indicator logic; TradingView script setup,/blog/how-to-create-your-own-tradingview-indicator-beginner-guide (how to create your own tradingview indicator); /blog/tradingview-indicator-reaction-entry-how-to-time-pullbacks (tradingview indicator reaction entry),/free-trial
2026-10-29,Swing Trading,Swing Trading Indicator Strategy for Reversal Entries,swing trading indicator strategy,1.25,10,8,1800,/blog/swing-trading-indicator; /blog/multi-timeframe-analysis-trading; /how-it-works | anchors: swing trading indicator guide; multi timeframe analysis,/blog/most-accurate-swing-trading-indicator-signals-to-watch (most accurate swing trading indicator); /blog/best-tradingview-indicator-for-swing-trading-what-matters (best tradingview indicator for swing trading),/free-trial
2026-11-03,Swing Trading,Best TradingView Indicator for Swing Trading: What Matters,best tradingview indicator for swing trading,1.07,30,28,2200,/blog/swing-trading-indicator; /blog/best-reversal-indicator-tradingview; /free-trial | anchors: swing trading indicator; best reversal indicator TradingView,/blog/most-accurate-swing-trading-indicator-signals-to-watch (most accurate swing trading indicator); /blog/swing-trading-indicator-strategy-for-reversal-entries (swing trading indicator strategy),/pricing
2026-11-05,TradingView Comparison,Best TradingView Indicator for Scalping vs Reversals,best tradingview indicator for scalping,1.60,40,25,2200,/blog/best-reversal-indicator-tradingview; /blog/buy-sell-signal-indicator; /pricing | anchors: best TradingView indicator; buy sell signal indicator,/blog/best-tradingview-indicator-for-crypto-reversal-signals (best tradingview indicator for crypto); /blog/best-reversal-indicator-tradingview (best reversal indicator tradingview),/pricing
2026-11-07,TradingView Comparison,Best TradingView Indicator for Crypto Reversal Signals,best tradingview indicator for crypto,1.48,40,27,2200,/blog/best-reversal-indicator-tradingview; /blog/fair-value-gap-trading; /free-trial | anchors: crypto reversal trading strategy; fair value gap trading,/blog/best-tradingview-indicator-for-scalping-vs-reversals (best tradingview indicator for scalping); /blog/best-reversal-indicator-tradingview (best reversal indicator tradingview),/free-trial
2026-11-10,Smart Money & Market Structure,Fair Value Gap Trading for Reversal Setups,fair value gap,282.86,9900,35,2600,/blog/tradingview-indicator-liquidity-zones; /blog/supply-demand-trading-zones; /how-it-works | anchors: liquidity zones; supply and demand trading,/blog/tradingview-indicator-liquidity-zones-for-reversal-entries (tradingview indicator liquidity zones); /blog/supply-demand-trading-zones (supply demand trading); /blog/breaker-blocks-vs-order-blocks (breaker block),/free-trial
2026-11-12,Smart Money & Market Structure,Supply and Demand Trading Zones for Reversal Traders,supply demand trading,88.89,1600,18,2600,/blog/fair-value-gap-trading; /blog/breaker-blocks-vs-order-blocks; / | anchors: fair value gap trading; breaker blocks vs order blocks,/blog/tradingview-indicator-liquidity-zones-for-reversal-entries (tradingview indicator liquidity zones); /blog/fair-value-gap-trading (fair value gap),/free-trial
2026-11-17,Divergence & Momentum,RSI Divergence Reversal Signals: Entry Confirmation Guide,rsi divergence,27.78,1000,36,2400,/blog/multi-timeframe-analysis-trading; /blog/stochastic-momentum-index; /how-it-works | anchors: multi timeframe analysis; stochastic momentum index,/blog/smt-divergence-smart-money-confirmation-for-reversals (smt divergence); /blog/stochastic-momentum-index (stochastic momentum index),/free-trial
2026-11-19,Divergence & Momentum,SMT Divergence: Smart Money Confirmation for Reversals,smt divergence,141.18,2400,17,2200,/blog/rsi-divergence-reversal-signals; /blog/fair-value-gap-trading; /tradingview-script | anchors: RSI divergence; fair value gap trading,/blog/rsi-divergence-reversal-signals (rsi divergence); /blog/stochastic-momentum-index (stochastic momentum index),/free-trial
2026-11-21,Divergence & Momentum,Stochastic Momentum Index: How Traders Confirm Reversals,stochastic momentum index,740.00,22200,30,2600,/blog/rsi-divergence-reversal-signals; /blog/swing-trading-indicator; /how-it-works | anchors: RSI divergence; swing trading indicator,/blog/rsi-divergence-reversal-signals (rsi divergence); /blog/smt-divergence-smart-money-confirmation-for-reversals (smt divergence),/free-trial
2026-11-24,Smart Money & Market Structure,Breaker Blocks vs Order Blocks for Reversal Traders,breaker block,51769.23,673000,13,3000,/blog/fair-value-gap-trading; /blog/supply-demand-trading-zones; /tradingview-script | anchors: fair value gap trading; supply demand trading zones,/blog/tradingview-indicator-liquidity-zones-for-reversal-entries (tradingview indicator liquidity zones); /blog/fair-value-gap-trading (fair value gap); /blog/supply-demand-trading-zones (supply demand trading),/free-trial
2026-11-26,TradingView Comparison,Best Reversal Indicator for TradingView: 2026 Comparison,best reversal indicator tradingview,1.20,30,25,3000,/blog/best-trend-reversal-indicator-features; /pricing; /free-trial | anchors: best trend reversal indicator; compare indicator pricing,/blog/best-tradingview-indicator-for-scalping-vs-reversals (best tradingview indicator for scalping); /blog/best-tradingview-indicator-for-crypto-reversal-signals (best tradingview indicator for crypto),/pricing
2026-11-28,Trading AI & Automation,Trading AI vs Trading Indicators: Which Should You Use?,trading ai,489.19,18100,37,2800,/blog/how-to-automate-tradingview-indicator-alerts; /tradingview-script; /pricing | anchors: automate TradingView indicator alerts; TradingView indicator script,/blog/how-to-automate-tradingview-indicator-alerts-safely (how to automate tradingview indicator),/pricing
