page URL slug,page type (homepage/core page/blog post),primary target keyword,2-3 secondary keywords,search intent,suggested H1,suggested meta title (under 60 chars),suggested meta description (under 155 chars),internal link target core page(s),internal link anchor text
/,homepage,reversal indicator,entry exit indicator; trend reversal indicator; buy sell signal indicator,transactional,TradingView Reversal Indicator for Cleaner Entries and Exits,TradingView Reversal Indicator for Entries & Exits,"Spot trend reversals, confirm entries, and plan exits with a TradingView indicator built for buy and sell signals.",/how-it-works; /pricing; /free-trial; /tradingview-script,how the indicator works; view pricing; start a free trial; TradingView script setup
/how-it-works,core page,entry exit indicator,tradingview entry exit indicator; tradingview indicator reaction entry; buy sell signal indicator tradingview,transactional,How the Entry Exit Indicator Works,How the Entry Exit Indicator Works,"See how reversal signals, confirmations, and exit logic work together to support TradingView trade decisions.",/; /free-trial; /tradingview-script,TradingView reversal indicator; try the indicator free; TradingView script setup
/pricing,core page,best tradingview indicator buy sell,best buy sell signal indicator tradingview; best tradingview indicator; buy sell signal indicator,transactional,Pricing for the TradingView Buy Sell Indicator,TradingView Indicator Pricing,"Choose a plan for TradingView reversal, entry, exit, and buy sell signals. Start simple and upgrade when ready.",/free-trial; /how-it-works; /faq,start a free trial; see how signals work; pricing questions
/free-trial,core page,tradingview indicator free,best free tradingview indicator; tradingview indicator free trial; free reversal indicator,transactional,Start a Free Trial of the TradingView Indicator,Free Trial TradingView Indicator,"Test reversal, entry, exit, and buy sell signals on TradingView before choosing a paid plan.",/pricing; /how-it-works; /tradingview-script,compare plans; how the indicator works; add the script to TradingView
/tradingview-script,core page,TradingView indicator,tradingview indicator template; tradingview indicator list; how to create your own tradingview indicator,comparison/navigational,TradingView Indicator Script Setup,TradingView Indicator Script Setup,"Learn how to add, configure, and use the reversal indicator script in TradingView charts.",/free-trial; /how-it-works; /faq,get the TradingView script; indicator signal logic; TradingView setup questions
/faq,core page,what is trading indicator,what is the best trading indicator; tradingview indicator not showing; how to automate tradingview indicator,informational,Trading Indicator FAQ,Trading Indicator FAQ,"Answers to common questions about TradingView indicators, reversal signals, setup, pricing, and free trials.",/; /pricing; /tradingview-script,reversal indicator overview; indicator pricing; TradingView script help
/blog/best-reversal-indicator-tradingview,blog post,best reversal indicator tradingview,best trend reversal indicator; best reversal indicator; most accurate trend reversal indicator,transactional,Best Reversal Indicator for TradingView: What to Look For,Best Reversal Indicator for TradingView,"Compare features that matter in a TradingView reversal indicator, including confirmations, alerts, and exit signals.",/; /pricing; /free-trial,TradingView reversal indicator; compare indicator pricing; try the reversal indicator free
/blog/trend-reversal-trading-strategy,blog post,trend reversal trading strategy,reversal trading strategy; best reversal trading strategy; what is a reversal trading strategy,informational,Trend Reversal Trading Strategy Guide,Trend Reversal Trading Strategy Guide,"Learn how reversal strategies identify trend exhaustion, entries, exits, and confirmation signals.",/how-it-works; /; /free-trial,entry and exit signal logic; reversal indicator for TradingView; test reversal signals
/blog/buy-sell-signal-indicator,blog post,buy sell signal indicator,forex buy sell signal indicator; buy sell signal indicator tradingview; most effective tradingview buy sell signal indicator,transactional,Buy Sell Signal Indicator: How to Use Signals Responsibly,Buy Sell Signal Indicator Guide,"Learn how buy and sell signal indicators work, when to confirm entries, and how to avoid false signals.",/how-it-works; /pricing; /free-trial,how buy and sell signals work; indicator pricing; try buy sell signals free
/blog/swing-trading-indicator,blog post,swing trading indicator,most accurate swing trading indicator; swing trading indicator strategy; swing trading indicator tradingview,informational,Swing Trading Indicator Guide for Better Entries and Exits,Swing Trading Indicator Guide,"Use reversal and confirmation signals to plan swing trades, avoid chop, and manage exits on TradingView.",/; /how-it-works; /free-trial,TradingView swing trading indicator; entry exit indicator logic; try it on your charts
/blog/fair-value-gap-trading,blog post,fair value gap,displacement forex; smart money concepts trading indicator; supply and demand charting,informational,Fair Value Gap Trading: How Reversal Traders Use Imbalances,Fair Value Gap Trading Guide,"Understand fair value gaps, displacement, and imbalance signals traders use to plan reversals and entries.",/how-it-works; /tradingview-script; /free-trial,confirmation signal logic; TradingView indicator setup; test reversal entries
/blog/supply-demand-trading-zones,blog post,supply demand trading,supply and demand trading; supply and demand charting; market structure tradingview indicator,informational,Supply and Demand Trading Zones for Reversal Setups,Supply and Demand Trading Zones,"Learn how supply and demand zones help reversal traders frame entries, stops, and exits.",/how-it-works; /; /free-trial,entry exit indicator; reversal indicator overview; try signals on TradingView
/blog/rsi-divergence-reversal-signals,blog post,rsi divergence,smt divergence; rsi reversal indicator mt4; momentum reversal indicator,informational,RSI Divergence and Reversal Signals Explained,RSI Divergence Reversal Signals,Learn how RSI divergence can confirm potential reversals and improve timing for entries and exits.,/how-it-works; /tradingview-script; /free-trial,reversal confirmation logic; TradingView reversal script; try divergence confirmations
/blog/breaker-blocks-vs-order-blocks,blog post,breaker block,order block; smart money concepts trading indicator; market structure reversal indicator,informational,Breaker Blocks vs Order Blocks for Reversal Traders,Breaker Blocks vs Order Blocks,Compare breaker blocks and order blocks and learn how reversal traders use them for market structure shifts.,/how-it-works; /tradingview-script; /,market reversal signals; TradingView indicator script; reversal indicator overview
/blog/multi-timeframe-analysis-trading,blog post,multi timeframe,multi timeframe rsi reversal indicator; trend detection swing trading indicator; tradingview indicator liquidity zones,informational,Multi Timeframe Analysis for Cleaner Reversal Entries,Multi Timeframe Reversal Analysis,"Use higher and lower timeframes to filter reversal setups, reduce noise, and improve entry timing.",/how-it-works; /tradingview-script; /free-trial,entry filter logic; TradingView setup guide; try multi-timeframe reversal signals
/blog/stochastic-momentum-index,blog post,stochastic momentum index,momentum reversal indicator; most accurate trend reversal indicator; swing trading indicator strategy,informational,Stochastic Momentum Index for Reversal Trading,Stochastic Momentum Index Guide,Learn what the stochastic momentum index shows and how traders use momentum shifts to confirm reversals.,/how-it-works; /; /free-trial,momentum confirmation signals; TradingView reversal indicator; try the indicator
/blog/trading-ai-vs-indicators,blog post,trading ai,trading bot; how to automate tradingview indicator; ai buy sell signal indicator,transactional,Trading AI vs Trading Indicators: What Traders Should Know,Trading AI vs Trading Indicators,"Compare AI trading tools, bots, and signal indicators so you can choose the right workflow for TradingView.",/tradingview-script; /pricing; /free-trial,TradingView indicator script; indicator pricing; test the signal indicator
/blog/tradingview-indicator-not-showing,blog post,tradingview indicator not showing,how to fix tradingview indicator errors; tradingview indicator problem; tradingview indicator template,comparison/navigational,TradingView Indicator Not Showing? Setup Fixes to Try,TradingView Indicator Not Showing?,"Troubleshoot common TradingView indicator setup issues, visibility settings, invite-only access, and script errors.",/tradingview-script; /faq; /free-trial,TradingView setup instructions; indicator FAQ; get access to the script
/blog/trend-reversal-patterns,blog post,what is trend reversal pattern,cup handle pattern; hanging man candlestick; engulfing candlestick,informational,What Is a Trend Reversal Pattern?,What Is a Trend Reversal Pattern?,Learn common trend reversal patterns and how traders confirm them before entering or exiting trades.,/how-it-works; /; /free-trial,reversal signal confirmation; reversal indicator for patterns; try pattern-based signals
/blog/trendspider-vs-tradingview-indicators,blog post,trendspider review,best tradingview indicator reddit; best trading indicator on tradingview; simplealgo review tradingview indicator pricing,comparison/navigational,TrendSpider vs TradingView Indicators: Which Fits Your Workflow?,TrendSpider vs TradingView Indicators,"Compare TrendSpider-style analysis with TradingView indicators for reversal alerts, charting, and trade planning.",/; /pricing; /free-trial,TradingView reversal indicator; compare our pricing; try the indicator free